,ID,Recency,Frequency,MonetaryValue,Sex,Marital status,Age,Income,id,Education_0,Education_1,Education_2,Education_3,Occupation_0,Occupation_1,Occupation_2,Settlement size_0,Settlement size_1,Settlement size_2
0,1,28,9,33.96,0,0,67,124670,1,False,False,True,False,False,True,False,False,False,True
1,2,192,11,41.739999999999995,1,1,22,150773,2,False,True,False,False,False,True,False,False,False,True
2,3,9,10,32.27,0,0,49,89210,3,False,True,False,False,True,False,False,True,False,False
3,4,5,11,32.96,0,0,45,171565,4,False,True,False,False,False,True,False,False,True,False
4,5,90,13,54.97,0,0,53,149031,5,False,True,False,False,False,True,False,False,True,False
5,6,94,10,40.86,0,0,35,144848,6,False,True,False,False,True,False,False,True,False,False
6,7,96,16,55.34,0,0,53,156495,7,False,True,False,False,False,True,False,False,True,False
7,8,9,15,61.04,0,0,35,193621,8,False,True,False,False,False,False,True,False,True,False
8,9,59,9,17.75,0,1,61,151591,9,False,False,True,False,True,False,False,True,False,False
9,10,48,15,78.8,0,1,28,174646,10,False,True,False,False,False,False,True,True,False,False
10,11,26,25,122.22,1,1,25,108469,11,False,True,False,False,False,True,False,True,False,False
11,12,48,13,61.49,1,1,24,127596,12,False,True,False,False,False,True,False,True,False,False
12,13,209,11,54.09,1,1,22,108687,13,False,True,False,False,False,True,False,False,False,True
13,14,11,12,42.47,0,0,60,89374,14,False,False,True,False,True,False,False,True,False,False
14,15,71,10,32.49,1,1,28,102899,15,False,True,False,False,False,True,False,False,True,False
15,16,30,6,26.009999999999998,1,1,32,88428,16,False,True,False,False,True,False,False,True,False,False
16,17,3,13,56.88,0,0,53,125550,17,False,True,False,False,False,True,False,True,False,False
17,18,48,7,22.55,0,0,25,157434,18,True,False,False,False,False,True,False,False,False,True
18,19,21,11,34.480000000000004,1,1,44,261952,19,False,False,True,False,False,False,True,False,False,True
19,20,26,9,44.09,0,0,31,144657,20,True,False,False,False,False,True,False,False,True,False
20,21,112,7,34.370000000000005,0,0,48,118777,21,False,True,False,False,False,True,False,False,True,False
21,22,27,26,104.92999999999999,0,0,44,147511,22,False,True,False,False,False,True,False,False,True,False
22,23,120,8,27.799999999999997,0,0,48,89804,23,False,True,False,False,True,False,False,True,False,False
23,24,30,11,49.04,0,0,44,134918,24,False,True,False,False,False,True,False,False,False,True
24,25,84,13,45.35,0,1,26,103667,25,False,True,False,False,False,True,False,False,False,True
25,26,25,13,61.910000000000004,0,0,36,71909,26,False,True,False,False,True,False,False,True,False,False
26,27,3,9,41.72,0,1,39,68264,27,False,True,False,False,True,False,False,True,False,False
27,28,38,21,107.08,1,1,42,163025,28,False,False,True,False,False,True,False,False,True,False
28,29,25,8,42.07,0,0,34,119307,29,False,True,False,False,False,True,False,False,True,False
29,30,20,45,200.33,0,0,63,175882,30,False,False,True,False,False,True,False,True,False,False
30,31,9,7,41.49,0,1,36,159646,31,False,True,False,False,False,True,False,False,True,False
31,32,192,12,44.27,0,0,27,120131,32,True,False,False,False,False,True,False,False,True,False
32,33,51,52,345.9,0,0,30,162745,33,True,False,False,False,False,True,False,False,False,True
33,34,27,29,91.57,0,0,57,87605,34,False,False,True,False,True,False,False,True,False,False
34,35,28,30,111.74,1,1,33,155569,35,False,True,False,False,False,False,True,False,True,False
35,36,3,18,84.47,0,0,25,104505,36,True,False,False,False,True,False,False,True,False,False
36,37,27,16,81.35,0,0,31,143385,37,True,False,False,False,False,True,False,False,False,True
37,38,13,86,323.25,0,0,37,127676,38,False,True,False,False,False,True,False,False,True,False
38,39,6,30,105.31,0,0,37,119276,39,False,True,False,False,False,True,False,False,True,False
39,40,27,15,64.77,0,0,24,92542,40,True,False,False,False,False,True,False,False,True,False
40,41,5,322,1781.05,0,0,30,163329,41,True,False,False,False,False,False,True,False,True,False
41,42,7,17,70.55,0,1,26,130921,42,False,True,False,False,False,True,False,True,False,False
42,43,39,14,41.96,0,0,44,133658,43,False,True,False,False,True,False,False,True,False,False
43,44,21,20,67.48,0,1,24,155104,44,False,True,False,False,False,True,False,False,True,False
44,45,74,12,59.99,1,1,58,142335,45,False,False,True,False,True,False,False,False,True,False
45,46,67,25,135.08,1,1,35,138387,46,False,True,False,False,False,False,True,False,True,False
46,47,3,21,85.32000000000001,0,0,39,140182,47,False,True,False,False,False,True,False,True,False,False
47,48,5,16,101.03,1,1,23,65421,48,False,True,False,False,True,False,False,True,False,False
48,49,5,16,109.9,0,0,39,130500,49,False,True,False,False,True,False,False,True,False,False
49,50,45,21,177.81,1,1,28,122831,50,False,True,False,False,False,True,False,True,False,False
50,51,8,18,66.83,0,0,29,84531,51,True,False,False,False,True,False,False,True,False,False
51,52,9,79,319.59000000000003,0,0,30,180196,52,True,False,False,False,False,False,True,False,False,True
52,53,8,7,40.47,0,0,25,92058,53,True,False,False,False,False,True,False,False,False,True
53,54,89,23,66.03999999999999,0,0,31,117158,54,True,False,False,False,False,True,False,True,False,False
54,55,77,7,37.46,0,0,57,135830,55,False,False,True,False,False,True,False,False,True,False
55,56,75,10,57.83,0,0,26,58258,56,True,False,False,False,True,False,False,True,False,False
56,57,62,15,117.51,0,0,52,202575,57,False,True,False,False,False,False,True,False,False,True
57,58,40,19,80.94,1,1,31,183657,58,False,True,False,False,False,True,False,False,True,False
58,59,22,17,64.45,1,1,23,152267,59,False,True,False,False,False,False,True,False,True,False
59,60,80,19,66.11,1,1,23,115240,60,False,True,False,False,True,False,False,True,False,False
60,61,37,16,78.34,0,1,27,106955,61,False,True,False,False,False,True,False,False,False,True
61,62,55,68,290.83,0,0,50,123641,62,False,True,False,False,False,True,False,False,True,False
62,63,7,26,115.94,0,0,61,166410,63,False,False,True,False,False,False,True,False,True,False
63,64,12,76,420.36,0,0,25,227385,64,True,False,False,False,False,True,False,False,False,True
64,65,95,10,40.16,1,1,26,118372,65,False,True,False,False,False,True,False,False,True,False
65,66,32,28,157.58,0,0,48,148115,66,False,True,False,False,False,True,False,False,True,False
66,67,29,11,49.43,1,1,29,111069,67,False,True,False,False,False,True,False,True,False,False
67,68,270,15,93.57,0,1,22,139780,68,False,True,False,False,False,True,False,True,False,False
68,69,29,29,125.75,0,0,37,106978,69,False,True,False,False,False,True,False,False,False,True
69,70,9,23,134.92000000000002,1,1,25,110019,70,False,True,False,False,False,True,False,False,False,True
70,71,22,35,167.83,1,1,30,169102,71,False,True,False,False,False,True,False,False,True,False
71,72,38,20,179.49,0,0,46,73703,72,False,True,False,False,True,False,False,True,False,False
72,73,8,21,93.69,0,0,51,141858,73,False,True,False,False,False,False,True,False,False,True
73,74,20,22,63.71,1,1,41,135959,74,False,False,True,False,True,False,False,True,False,False
74,75,5,17,58.84,0,0,40,140888,75,False,True,False,False,False,False,True,False,False,True
75,76,165,11,40.92,0,0,66,157299,76,False,False,True,False,False,False,True,False,False,True
76,77,20,11,54.59,0,0,34,125187,77,False,True,False,False,False,True,False,False,True,False
77,78,168,8,51.58,0,0,51,155486,78,False,True,False,False,False,True,False,False,False,True
78,79,22,19,129.41,0,0,39,151697,79,False,True,False,False,True,False,False,True,False,False
79,80,119,42,177.66,0,1,22,126400,80,False,True,False,False,False,True,False,False,True,False
80,81,7,13,67.4,1,1,44,159246,81,False,False,True,False,False,True,False,False,False,True
81,82,94,8,32.59,0,0,47,136138,82,False,True,False,False,False,True,False,False,True,False
82,83,37,12,50.940000000000005,1,1,24,84792,83,False,True,False,False,True,False,False,True,False,False
83,84,33,18,100.32,1,1,58,100210,84,False,False,True,False,True,False,False,True,False,False
84,85,11,22,64.32,0,0,52,93706,85,False,True,False,False,True,False,False,True,False,False
85,86,22,9,46.92,1,1,29,133783,86,False,True,False,False,False,False,True,False,True,False
86,87,46,16,77.56,1,1,27,110064,87,False,True,False,False,False,True,False,False,False,True
87,88,83,42,220.74,0,0,47,241068,88,False,True,False,False,False,True,False,False,True,False
88,89,3,36,149.18,0,0,30,149022,89,True,False,False,False,False,False,True,False,False,True
89,90,21,27,119.27,0,0,28,92973,90,True,False,False,False,False,True,False,False,False,True
90,91,15,125,563.66,0,0,56,110605,91,False,True,False,False,False,True,False,False,True,False
91,92,82,16,55.05,0,0,54,116604,92,False,True,False,False,False,True,False,False,True,False
92,93,4,22,118.5,1,1,33,71070,93,False,True,False,False,True,False,False,True,False,False
93,94,29,30,169.57,0,0,20,128678,94,True,False,False,False,False,True,False,False,True,False
94,95,27,23,82.4,0,0,54,165230,95,False,True,False,False,False,True,False,False,False,True
95,96,15,19,134.89,0,0,58,268340,96,False,False,True,False,False,True,False,False,True,False
96,97,12,39,221.2,1,1,61,135070,97,False,False,True,False,False,True,False,False,True,False
97,98,7,20,74.53999999999999,0,0,34,134794,98,False,True,False,False,False,True,False,False,False,True
98,99,38,18,140.12,0,0,36,120153,99,False,True,False,False,False,True,False,False,True,False
99,100,3,20,94.35,0,0,36,195465,100,False,True,False,False,False,False,True,False,False,True
100,101,38,31,169.32,0,1,41,93372,101,False,True,False,False,True,False,False,True,False,False
101,102,8,48,331.29,0,0,24,110446,102,True,False,False,False,False,True,False,True,False,False
102,103,185,10,52.79,1,1,24,95186,103,False,True,False,False,False,True,False,False,True,False
103,104,48,16,90.81,0,0,35,115343,104,False,True,False,False,False,True,False,False,True,False
104,105,23,20,85.9,0,1,26,107276,105,False,True,False,False,False,True,False,False,True,False
105,106,29,36,204.7,0,0,39,244716,106,False,True,False,False,False,False,True,False,False,True
106,107,6,24,96.98,0,0,39,183108,107,False,True,False,False,False,False,True,False,False,True
107,108,19,68,211.24,0,0,32,152876,108,True,False,False,False,False,True,False,False,False,True
108,109,49,45,400.29,1,1,30,165147,109,False,True,False,False,False,True,False,True,False,False
109,110,28,12,43.2,0,1,35,140520,110,False,True,False,False,False,True,False,True,False,False
110,111,21,40,182.63,0,1,31,124203,111,False,True,False,False,False,True,False,False,True,False
111,112,14,67,1336.85,1,1,23,107205,112,False,True,False,False,False,True,False,False,True,False
112,113,14,26,141.06,0,0,28,121432,113,True,False,False,False,True,False,False,False,False,True
113,114,28,25,122.04,1,1,25,162445,114,False,True,False,False,False,True,False,True,False,False
114,115,8,32,165.14000000000001,0,1,35,134112,115,False,True,False,False,False,True,False,False,True,False
115,116,35,36,357.16999999999996,0,0,47,131842,116,False,True,False,False,False,True,False,False,True,False
116,117,74,40,201.03,1,1,30,189896,117,False,True,False,False,False,False,True,True,False,False
117,118,34,43,334.32,1,1,27,109099,118,False,True,False,False,False,True,False,False,False,True
118,119,104,23,176.87,1,1,23,153539,119,False,True,False,False,False,True,False,False,True,False
119,120,21,106,707.16,0,1,36,180495,120,False,True,False,False,False,False,True,False,True,False
120,121,29,30,117.32000000000001,1,1,25,104653,121,False,True,False,False,False,True,False,False,False,True
121,122,27,16,106.5,1,1,41,166933,122,False,False,True,False,False,False,True,False,False,True
122,123,26,21,137.75,0,0,24,66118,123,True,False,False,False,True,False,False,True,False,False
123,124,59,30,152.73000000000002,0,0,63,135754,124,False,False,True,False,False,True,False,True,False,False
124,125,8,31,146.92000000000002,1,1,27,116103,125,False,True,False,False,False,True,False,False,False,True
125,126,135,15,126.48,0,0,30,104293,126,True,False,False,False,False,True,False,False,True,False
126,127,45,17,98.73,0,1,40,71702,127,False,True,False,False,True,False,False,True,False,False
127,128,60,22,156.24,0,0,30,99066,128,True,False,False,False,False,True,False,False,False,True
128,129,4,65,264.83,0,0,34,143979,129,False,True,False,False,False,False,True,False,False,True
129,130,8,44,220.7,1,1,29,123818,130,False,True,False,False,False,True,False,True,False,False
130,131,84,38,116.6,1,1,24,176714,131,False,True,False,False,False,True,False,False,False,True
131,132,9,20,98.47,0,0,29,149249,132,True,False,False,False,False,True,False,False,False,True
132,133,47,14,62.0,0,0,27,77535,133,True,False,False,False,True,False,False,True,False,False
133,134,61,35,341.68,0,0,47,116540,134,False,True,False,False,False,True,False,False,True,False
134,135,76,17,107.18,1,1,21,194728,135,False,True,False,False,False,True,False,True,False,False
135,136,3,35,269.17,1,1,38,109311,136,False,True,False,False,False,True,False,False,False,True
136,137,54,21,173.24,0,0,27,204723,137,True,False,False,False,False,True,False,False,False,True
137,138,28,18,95.66,0,0,66,126003,138,False,False,True,False,True,False,False,True,False,False
138,139,8,88,434.02,0,0,35,123109,139,False,True,False,False,False,True,False,False,True,False
139,140,9,18,66.46000000000001,1,1,44,108251,140,False,False,True,False,True,False,False,True,False,False
140,141,12,68,598.32,0,1,27,89908,141,False,True,False,False,True,False,False,True,False,False
141,142,7,46,273.86,1,1,30,176057,142,False,True,False,False,False,False,True,False,True,False
142,143,20,18,79.03,0,0,27,144332,143,True,False,False,False,False,False,True,False,False,True
143,144,9,18,79.22,0,0,22,101185,144,True,False,False,False,False,True,False,False,True,False
144,145,6,21,109.33,1,1,23,107406,145,False,True,False,False,False,True,False,False,False,True
145,146,148,20,95.14,0,0,30,140665,146,True,False,False,False,False,True,False,False,True,False
146,147,17,41,480.31,1,1,39,106461,147,False,False,True,False,False,True,False,True,False,False
147,148,73,31,156.70999999999998,1,1,51,127825,148,False,False,True,False,False,True,False,True,False,False
148,149,3,30,134.63,0,0,28,133898,149,True,False,False,False,False,True,False,False,True,False
149,150,8,18,148.63,0,0,46,152383,150,False,True,False,False,False,True,False,False,False,True
150,151,90,11,52.67,0,0,42,119926,151,False,True,False,False,False,True,False,True,False,False
151,152,94,11,47.07,0,0,38,108784,152,False,True,False,False,False,True,False,False,False,True
152,153,6,22,84.02,0,0,24,153286,153,True,False,False,False,False,True,False,False,True,False
153,154,9,15,60.160000000000004,1,1,29,214204,154,False,True,False,False,False,True,False,False,False,True
154,155,59,9,18.03,0,0,36,208101,155,False,True,False,False,False,False,True,False,False,True
155,156,48,11,51.160000000000004,1,1,20,95355,156,False,True,False,False,False,True,False,False,True,False
156,157,26,27,143.27,0,0,48,124156,157,False,True,False,False,False,True,False,False,True,False
157,158,48,15,64.02,0,1,45,72215,158,False,False,True,False,True,False,False,True,False,False
158,159,209,11,46.37,0,0,38,146529,159,False,True,False,False,False,True,False,False,False,True
159,160,11,14,48.03,0,0,34,75343,160,False,True,False,False,True,False,False,True,False,False
160,161,71,10,37.07,0,0,36,129789,161,False,True,False,False,False,True,False,False,True,False
161,162,30,8,37.79,1,1,30,101153,162,False,True,False,False,False,True,False,False,True,False
162,163,3,16,72.86,0,0,36,127833,163,False,True,False,False,False,True,False,False,False,True
163,164,6,8,24.81,0,0,70,224998,164,False,False,True,False,False,False,True,False,False,True
164,165,21,11,31.45,0,0,36,124445,165,False,True,False,False,False,True,False,False,False,True
165,166,26,10,44.56,0,0,32,141116,166,True,False,False,False,False,True,False,False,True,False
166,167,112,8,41.03,1,1,33,104276,167,False,True,False,False,False,True,False,False,False,True
167,168,27,25,103.41,1,1,20,147687,168,False,True,False,False,False,True,False,False,False,True
168,169,84,8,29.28,1,1,25,125168,169,False,True,False,False,False,True,False,False,True,False
169,170,30,12,50.64,0,1,31,115369,170,False,True,False,False,False,True,False,False,False,True
170,171,124,12,37.980000000000004,0,0,33,95445,171,False,True,False,False,False,True,False,True,False,False
171,172,25,13,63.49,1,1,26,95159,172,False,True,False,False,False,True,False,False,True,False
172,173,3,9,44.39,1,1,34,153031,173,False,True,False,False,False,False,True,False,False,True
173,174,38,24,126.18,0,0,33,108899,174,False,True,False,False,False,True,False,True,False,False
174,175,25,9,52.879999999999995,0,0,26,113515,175,True,False,False,False,False,True,False,False,True,False
175,176,5,47,207.47,1,1,53,211229,176,False,False,True,False,False,False,True,True,False,False
176,177,9,7,37.239999999999995,0,1,42,121307,177,False,False,True,False,False,True,False,True,False,False
177,178,192,12,45.23,0,0,52,131727,178,False,True,False,False,False,True,False,False,False,True
178,179,55,53,352.77,0,0,31,133574,179,True,False,False,False,False,False,True,False,True,False
179,180,27,29,96.91,0,0,65,117334,180,False,False,True,False,False,True,False,True,False,False
180,181,28,27,88.8,0,1,28,177291,181,False,True,False,False,False,True,False,False,False,True
181,182,3,18,84.46,0,1,30,168763,182,False,True,False,False,False,False,True,False,True,False
182,183,27,16,86.49000000000001,0,0,40,77720,183,False,True,False,False,True,False,False,True,False,False
183,184,4,83,314.76,0,0,50,176645,184,False,True,False,False,False,True,False,False,False,True
184,185,22,32,109.2,0,0,36,106205,185,False,True,False,False,False,True,False,False,True,False
185,186,27,17,65.52,0,0,31,97785,186,True,False,False,False,False,True,False,False,True,False
186,187,36,327,1859.2,1,1,74,214364,187,False,False,False,True,False,False,True,False,True,False
187,188,7,14,65.19,0,0,68,74525,188,False,False,True,False,True,False,False,True,False,False
188,189,39,12,38.71,0,1,20,98988,189,False,True,False,False,False,True,False,True,False,False
189,190,21,20,64.17,1,1,33,133561,190,False,True,False,False,False,True,False,False,True,False
190,191,74,11,43.510000000000005,0,0,54,217651,191,False,True,False,False,False,False,True,False,False,True
191,192,67,24,127.58,0,0,34,116525,192,False,True,False,False,True,False,False,True,False,False
192,193,3,22,85.44,0,0,36,135302,193,False,True,False,False,False,True,False,False,False,True
193,194,36,16,109.51,0,1,29,106434,194,False,True,False,False,False,True,False,False,True,False
194,195,27,15,86.94,0,0,21,128350,195,True,False,False,False,False,True,False,False,False,True
195,196,45,21,162.56,1,1,34,147626,196,False,True,False,False,False,False,True,False,False,True
196,197,8,15,49.480000000000004,1,1,28,102697,197,False,True,False,False,False,True,False,True,False,False
197,198,6,82,324.78,1,1,27,120262,198,False,True,False,False,False,True,False,True,False,False
198,199,8,7,33.93,0,0,36,124214,199,False,True,False,False,False,True,False,False,False,True
199,200,89,24,79.65,0,1,40,175223,200,False,True,False,False,False,False,True,False,True,False
200,201,77,6,31.37,0,0,52,137467,201,False,True,False,False,False,True,False,True,False,False
201,202,75,10,44.31,0,1,27,65815,202,False,True,False,False,True,False,False,True,False,False
202,203,52,17,120.84,0,0,26,129864,203,True,False,False,False,False,True,False,False,True,False
203,204,40,18,72.11,0,1,21,88475,204,False,True,False,False,False,True,False,False,True,False
204,205,22,16,77.5,0,0,38,74666,205,False,True,False,False,True,False,False,True,False,False
205,206,207,17,68.35000000000001,0,0,38,222294,206,False,True,False,False,False,False,True,False,False,True
206,207,37,16,79.22999999999999,0,0,43,112878,207,False,True,False,False,False,True,False,True,False,False
207,208,54,65,298.25,0,0,26,103411,208,True,False,False,False,False,True,False,False,False,True
208,209,7,29,117.89,0,1,21,112868,209,False,True,False,False,True,False,False,True,False,False
209,210,12,70,386.84000000000003,0,0,55,157940,210,False,True,False,False,False,True,False,False,False,True
210,211,95,10,41.13,0,0,33,115835,211,False,True,False,False,False,True,False,False,False,True
211,212,32,31,168.22,1,1,45,109807,212,False,False,True,False,True,False,False,True,False,False
212,213,29,11,53.47,0,0,50,150699,213,False,True,False,False,False,True,False,False,True,False
213,214,270,14,89.63,0,0,66,178967,214,False,False,True,False,False,False,True,True,False,False
214,215,29,29,122.34,0,0,51,132767,215,False,True,False,False,False,True,False,True,False,False
215,216,9,19,118.01,1,1,39,86152,216,False,False,True,False,True,False,False,True,False,False
216,217,22,39,181.63,0,0,31,114528,217,True,False,False,False,False,True,False,False,False,True
217,218,38,21,189.22,0,0,23,133912,218,True,False,False,False,False,True,False,False,True,False
218,219,8,23,92.28,0,1,24,81210,219,False,True,False,False,True,False,False,True,False,False
219,220,20,21,71.94,1,1,64,131242,220,False,False,False,True,False,True,False,True,False,False
220,221,53,14,47.55,0,1,26,68804,221,False,True,False,False,True,False,False,True,False,False
221,222,165,14,69.55,1,1,23,96961,222,False,True,False,False,False,True,False,False,True,False
222,223,20,11,60.32,0,0,30,90719,223,True,False,False,False,False,True,False,False,False,True
223,224,168,9,59.56,0,0,32,114116,224,True,False,False,False,False,True,False,False,True,False
224,225,22,19,131.16,0,0,30,128639,225,True,False,False,False,False,True,False,False,True,False
225,226,52,46,197.62,0,0,27,106623,226,True,False,False,False,False,True,False,False,True,False
226,227,7,11,64.05,0,0,27,236264,227,True,False,False,False,False,True,False,False,True,False
227,228,94,7,24.990000000000002,0,0,53,207783,228,False,True,False,False,False,False,True,False,True,False
228,229,37,12,47.050000000000004,0,0,22,91739,229,True,False,False,False,False,True,False,False,True,False
229,230,33,18,112.5,0,0,22,107780,230,True,False,False,False,False,True,False,False,False,True
230,231,11,28,83.03,0,0,26,139157,231,True,False,False,False,False,True,False,False,False,True
231,232,22,9,44.56,0,0,51,121751,232,False,True,False,False,True,False,False,True,False,False
232,233,3,10,48.07,0,0,35,121974,233,False,True,False,False,False,True,False,True,False,False
233,234,38,27,131.38,0,1,25,70320,234,False,True,False,False,True,False,False,True,False,False
234,235,25,8,46.15,0,0,42,78327,235,False,True,False,False,True,False,False,True,False,False
235,236,20,43,189.71,0,0,30,131433,236,True,False,False,False,False,False,True,True,False,False
236,237,9,6,29.68,0,0,23,167076,237,True,False,False,False,True,False,False,False,False,True
237,238,192,11,48.15,0,1,61,130788,238,False,False,True,False,True,False,False,True,False,False
238,239,64,46,299.53000000000003,1,1,35,107408,239,False,True,False,False,False,True,False,False,True,False
239,240,5,30,89.62,0,0,39,115323,240,False,True,False,False,False,True,False,False,True,False
240,241,28,27,99.13,1,1,29,99012,241,False,True,False,False,False,True,False,True,False,False
241,242,3,17,90.89,0,0,51,115996,242,False,True,False,False,False,True,False,False,True,False
242,243,27,14,74.11,0,0,24,123353,243,True,False,False,False,False,True,False,False,True,False
243,244,13,87,293.1,1,1,27,100008,244,False,True,False,False,False,True,False,True,False,False
244,245,22,28,97.63000000000001,1,1,35,125105,245,False,True,False,False,True,False,False,True,False,False
245,246,27,17,70.37,0,0,25,92020,246,True,False,False,False,False,True,False,False,False,True
246,247,5,320,1786.48,0,0,52,108365,247,False,True,False,False,False,True,False,False,False,True
247,248,7,15,60.41,0,0,35,112979,248,False,True,False,False,False,True,False,True,False,False
248,249,39,13,37.26,0,0,26,117221,249,True,False,False,False,False,True,False,False,True,False
249,250,21,20,72.65,1,1,22,88800,250,False,True,False,False,False,True,False,False,False,True
250,251,74,10,49.78,1,1,39,115099,251,False,False,True,False,True,False,False,True,False,False
251,252,67,26,158.96,1,1,46,113399,252,False,False,True,False,True,False,False,True,False,False
252,253,3,22,78.07,1,1,24,115879,253,False,True,False,False,False,True,False,False,True,False
253,254,36,14,88.25,0,0,35,141270,254,False,True,False,False,False,True,False,False,False,True
254,255,27,14,90.72,0,0,24,107633,255,True,False,False,False,False,True,False,False,True,False
255,256,45,24,186.02,0,0,27,131751,256,True,False,False,False,True,False,False,True,False,False
256,257,8,13,44.18,0,0,35,83687,257,False,True,False,False,True,False,False,True,False,False
257,258,9,80,313.24,0,1,29,106828,258,False,True,False,False,False,True,False,False,False,True
258,259,8,9,44.36,1,1,23,135537,259,False,True,False,False,False,True,False,False,True,False
259,260,89,20,63.129999999999995,1,1,57,107142,260,False,False,True,False,True,False,False,True,False,False
260,261,51,7,31.6,0,0,27,97446,261,True,False,False,False,False,True,False,False,True,False
261,262,75,12,62.269999999999996,1,1,55,126357,262,False,False,True,False,False,True,False,False,False,True
262,263,62,18,142.51,0,0,36,169617,263,False,True,False,False,False,False,True,False,True,False
263,264,40,19,77.99,1,1,57,108945,264,False,False,True,False,True,False,False,True,False,False
264,265,22,17,69.96000000000001,0,0,32,67345,265,True,False,False,False,True,False,False,True,False,False
265,266,204,17,70.96000000000001,0,0,37,106215,266,False,True,False,False,False,True,False,True,False,False
266,267,37,16,84.2,0,0,36,149237,267,False,True,False,False,False,True,False,True,False,False
267,268,81,68,300.75,1,1,38,112124,268,False,True,False,False,False,True,False,True,False,False
268,269,5,29,135.71,0,1,45,215150,269,False,False,True,False,False,False,True,False,False,True
269,270,12,71,392.61,0,0,25,89534,270,True,False,False,False,False,True,False,False,True,False
270,271,95,12,42.68,0,0,32,111082,271,True,False,False,False,False,True,False,False,False,True
271,272,32,29,162.14000000000001,1,1,37,137069,272,False,True,False,False,False,True,False,False,True,False
272,273,29,12,57.94,0,0,36,244541,273,False,True,False,False,False,False,True,False,False,True
273,274,270,15,97.16,0,0,28,120712,274,True,False,False,False,False,True,False,False,True,False
274,275,29,26,102.50999999999999,0,1,34,175367,275,False,True,False,False,True,False,False,True,False,False
275,276,9,19,116.59,0,0,32,111418,276,True,False,False,False,False,True,False,False,True,False
276,277,22,36,166.59,1,1,26,110913,277,False,True,False,False,False,True,False,True,False,False
277,278,38,25,213.56,0,1,49,84267,278,False,False,True,False,True,False,False,True,False,False
278,279,8,20,80.44,1,1,32,136886,279,False,True,False,False,False,True,False,False,False,True
279,280,20,23,71.49,0,0,29,144884,280,True,False,False,False,False,False,True,False,False,True
280,281,84,14,57.25,0,0,23,151180,281,True,False,False,False,False,True,False,False,True,False
281,282,165,11,43.99,0,0,50,114997,282,False,True,False,False,False,True,False,False,True,False
282,283,20,12,61.84,0,0,49,100961,283,False,True,False,False,True,False,False,True,False,False
283,284,168,11,62.629999999999995,0,0,63,124849,284,False,False,True,False,False,True,False,False,False,True
284,285,22,17,115.60000000000001,0,1,37,152308,285,False,True,False,False,False,True,False,False,False,True
285,286,53,46,207.89000000000001,1,1,35,167945,286,False,True,False,False,True,False,False,False,True,False
286,287,7,13,77.67,0,0,26,126706,287,True,False,False,False,False,True,False,False,False,True
287,288,94,8,27.66,0,0,31,210017,288,True,False,False,False,False,False,True,False,False,True
288,289,37,14,59.88,1,1,49,125665,289,False,False,True,False,False,True,False,False,True,False
289,290,33,18,99.8,0,1,48,111184,290,False,False,True,False,False,True,False,False,True,False
290,291,11,21,65.85,0,1,26,94134,291,False,True,False,False,False,True,False,True,False,False
291,292,22,9,41.8,0,1,28,214620,292,False,True,False,False,False,False,True,False,True,False
292,293,46,14,67.3,1,1,44,193816,293,False,False,True,False,False,False,True,False,True,False
293,294,54,37,179.27,0,0,56,168714,294,False,True,False,False,False,True,False,False,True,False
294,295,3,35,134.62,0,1,46,202997,295,False,False,True,False,False,False,True,False,True,False
295,296,21,29,150.66,1,1,26,192451,296,False,True,False,False,False,True,False,False,False,True
296,297,15,126,554.62,1,1,20,127928,297,False,True,False,False,False,True,False,False,False,True
297,298,204,17,57.04,0,0,45,78253,298,False,True,False,False,True,False,False,True,False,False
298,299,4,22,151.44,0,0,43,118446,299,False,True,False,False,False,True,False,False,True,False
299,300,29,33,191.17,0,0,32,161379,300,True,False,False,False,False,True,False,False,False,True
300,301,27,26,100.17,1,1,54,56622,301,False,False,True,False,True,False,False,True,False,False
301,302,15,17,103.21,1,1,42,146117,302,False,False,True,False,False,True,False,False,True,False
302,303,12,36,186.82999999999998,0,0,37,90418,303,False,True,False,False,True,False,False,True,False,False
303,304,4,24,91.76,0,0,49,109053,304,False,True,False,False,False,True,False,True,False,False
304,305,38,17,141.45,0,0,44,219319,305,False,True,False,False,False,True,False,True,False,False
305,306,3,17,80.45,0,1,33,144701,306,False,True,False,False,False,True,False,False,True,False
306,307,38,34,221.62,1,1,24,102425,307,False,True,False,False,True,False,False,True,False,False
307,308,6,51,359.0,0,1,33,79867,308,False,True,False,False,True,False,False,True,False,False
308,309,185,8,35.14,1,1,24,107114,309,False,True,False,False,False,True,False,False,False,True
309,310,48,15,73.63,0,1,22,62263,310,False,True,False,False,True,False,False,True,False,False
310,311,23,18,77.47,0,0,40,92567,311,False,True,False,False,True,False,False,True,False,False
311,312,29,37,203.52,0,0,25,146349,312,True,False,False,False,False,True,False,True,False,False
312,313,69,25,108.39,1,1,26,141825,313,False,True,False,False,False,True,False,False,True,False
313,314,5,74,235.39000000000001,0,1,25,68582,314,False,True,False,False,True,False,False,True,False,False
314,315,49,38,338.94,0,0,29,85476,315,True,False,False,False,True,False,False,True,False,False
315,316,28,12,34.8,0,0,31,111091,316,True,False,False,False,False,True,False,False,False,True
316,317,21,41,171.11,0,0,38,67110,317,False,True,False,False,True,False,False,True,False,False
317,318,14,64,1253.77,1,1,48,126154,318,False,False,True,False,True,False,False,True,False,False
318,319,14,31,155.16,0,0,32,92257,319,True,False,False,False,False,True,False,False,False,True
319,320,28,22,107.01,1,1,27,93605,320,False,True,False,False,True,False,False,True,False,False
320,321,8,29,145.06,0,1,28,165190,321,False,True,False,False,False,False,True,True,False,False
321,322,35,41,408.75,0,1,32,107195,322,False,True,False,False,False,True,False,True,False,False
322,323,74,37,186.63,0,0,34,145059,323,False,True,False,False,False,False,True,True,False,False
323,324,34,42,282.8,0,0,28,148363,324,True,False,False,False,False,True,False,True,False,False
324,325,104,23,166.57999999999998,1,1,36,105681,325,False,True,False,False,False,True,False,False,False,True
325,326,5,112,752.24,0,0,39,93732,326,False,True,False,False,True,False,False,True,False,False
326,327,29,31,119.01,0,0,49,154778,327,False,True,False,False,False,True,False,False,False,True
327,328,27,15,98.65,1,1,34,149356,328,False,True,False,False,False,True,False,False,False,True
328,329,26,22,125.11,0,0,31,145670,329,True,False,False,False,False,True,False,False,True,False
329,330,59,34,188.81,0,0,28,101589,330,True,False,False,False,False,True,False,False,False,True
330,331,8,33,156.81,0,0,75,213333,331,False,False,True,False,False,False,True,False,True,False
331,332,135,16,157.48000000000002,1,1,30,122420,332,False,True,False,False,False,True,False,True,False,False
332,333,45,19,104.06,1,1,24,209856,333,False,True,False,False,False,False,True,False,True,False
333,334,60,22,159.85,1,1,24,181003,334,False,True,False,False,True,False,False,True,False,False
334,335,4,64,280.53,0,0,23,117804,335,True,False,False,False,False,True,False,False,True,False
335,336,8,43,220.14,0,1,44,160650,336,False,False,True,False,False,False,True,False,True,False
336,337,54,38,118.85000000000001,1,1,23,84611,337,False,True,False,False,True,False,False,True,False,False
337,338,9,22,100.31,1,1,24,98479,338,False,True,False,False,False,True,False,False,False,True
338,339,6,16,86.84,0,0,28,122359,339,True,False,False,False,False,True,False,False,False,True
339,340,61,34,323.95,0,1,31,81394,340,False,True,False,False,True,False,False,True,False,False
340,341,46,16,74.9,1,1,24,150372,341,False,True,False,False,False,True,False,False,True,False
341,342,81,42,198.11,1,1,26,92385,342,False,True,False,False,True,False,False,True,False,False
342,343,3,31,132.47,0,1,25,149851,343,False,True,False,False,False,True,False,False,False,True
343,344,21,28,139.61,0,0,33,167939,344,False,True,False,False,False,False,True,False,True,False
344,345,15,137,576.21,0,0,37,115426,345,False,True,False,False,True,False,False,True,False,False
345,346,107,16,58.63,1,1,43,85402,346,False,False,True,False,True,False,False,True,False,False
346,347,20,21,116.82000000000001,0,0,23,95815,347,True,False,False,False,False,True,False,False,False,True
347,348,29,33,186.69,1,1,23,97518,348,False,True,False,False,True,False,False,True,False,False
348,349,27,20,66.14,0,0,34,87355,349,False,True,False,False,True,False,False,True,False,False
349,350,15,18,100.93,0,0,32,145933,350,True,False,False,False,False,True,False,False,True,False
350,351,12,39,220.1,1,1,23,97307,351,False,True,False,False,False,True,False,True,False,False
351,352,7,24,101.06,1,1,29,108434,352,False,True,False,False,False,True,False,False,False,True
352,353,38,17,131.32999999999998,0,0,38,151312,353,False,True,False,False,False,False,True,False,True,False
353,354,3,16,75.05,0,0,28,141847,354,True,False,False,False,False,True,False,False,True,False
354,355,4,32,203.01,0,0,46,130675,355,False,True,False,False,False,True,False,False,False,True
355,356,8,46,337.03000000000003,0,0,23,69309,356,True,False,False,False,True,False,False,True,False,False
356,357,5,10,52.19,0,0,49,121466,357,False,True,False,False,False,True,False,False,False,True
357,358,5,20,112.77000000000001,0,0,26,153586,358,True,False,False,False,False,False,True,False,False,True
358,359,23,23,94.01,0,1,28,92849,359,False,True,False,False,False,True,False,True,False,False
359,360,29,39,217.35,1,1,23,108539,360,False,True,False,False,False,True,False,False,False,True
360,361,69,25,93.66,0,0,61,129556,361,False,False,True,False,False,True,False,False,False,True
361,362,19,72,229.25,0,0,37,170146,362,False,True,False,False,False,False,True,True,False,False
362,363,49,40,358.13,1,1,36,135383,363,False,True,False,False,False,True,False,False,True,False
363,364,28,14,48.339999999999996,0,1,21,96769,364,False,True,False,False,False,True,False,False,False,True
364,365,21,39,178.35,0,0,25,43684,365,True,False,False,False,True,False,False,True,False,False
365,366,14,66,1288.34,0,0,36,103521,366,False,True,False,False,False,True,False,True,False,False
366,367,14,27,131.71,0,0,27,118499,367,True,False,False,False,False,True,False,False,True,False
367,368,28,21,100.65,1,1,22,119684,368,False,True,False,False,False,True,False,False,False,True
368,369,8,30,149.2,0,0,42,126586,369,False,True,False,False,False,True,False,False,True,False
369,370,35,34,346.7,1,1,40,136812,370,False,False,True,False,False,True,False,False,False,True
370,371,5,36,183.33,0,0,36,118277,371,False,True,False,False,False,True,False,False,True,False
371,372,34,46,316.71,0,0,33,144597,372,False,True,False,False,False,True,False,False,True,False
372,373,104,25,181.51,1,1,23,106043,373,False,True,False,False,False,True,False,True,False,False
373,374,21,106,688.44,0,0,63,272314,374,False,False,True,False,False,False,True,False,False,True
374,375,29,31,123.28,1,1,60,309364,375,False,False,True,False,False,False,True,False,False,True
375,376,27,15,91.36,1,1,37,170386,376,False,True,False,False,False,True,False,False,True,False
376,377,5,29,190.62,0,1,34,112458,377,False,True,False,False,False,True,False,True,False,False
377,378,59,35,164.37,0,0,36,96840,378,False,True,False,False,False,True,False,False,True,False
378,379,8,34,150.33,0,0,57,281923,379,False,False,True,False,False,False,True,False,True,False
379,380,135,16,145.09,1,1,52,95551,380,False,False,True,False,True,False,False,True,False,False
380,381,45,18,108.48,0,0,39,112347,381,False,True,False,False,False,True,False,False,False,True
381,382,60,20,141.62,1,1,38,260977,382,False,True,False,False,False,False,True,False,False,True
382,383,6,60,259.54,1,1,25,99354,383,False,True,False,False,False,True,False,True,False,False
383,384,8,38,198.04,0,0,26,111509,384,True,False,False,False,False,True,False,False,False,True
384,385,105,40,127.41,0,0,26,105252,385,True,False,False,False,True,False,False,True,False,False
385,386,5,21,96.42,1,1,25,108522,386,False,True,False,False,False,True,False,True,False,False
386,387,4,14,63.35,1,1,21,94655,387,False,True,False,False,False,True,False,False,True,False
387,388,4,39,379.19,0,0,40,201699,388,False,True,False,False,False,False,True,False,True,False
388,389,46,13,56.14,0,0,27,139868,389,True,False,False,False,False,True,False,False,False,True
389,390,119,40,189.35999999999999,1,1,27,102543,390,False,True,False,False,False,True,False,False,True,False
390,391,3,30,122.68,0,1,30,134467,391,False,True,False,False,False,False,True,False,False,True
391,392,21,24,131.23,1,1,19,111187,392,False,True,False,False,True,False,False,True,False,False
392,393,15,129,576.72,0,0,39,152302,393,False,True,False,False,False,False,True,False,True,False
393,394,229,17,60.74,1,1,31,110610,394,False,True,False,False,False,True,False,False,False,True
394,395,20,22,140.96,0,0,31,137827,395,True,False,False,False,False,False,True,False,False,True
395,396,29,31,189.71,0,0,32,220923,396,True,False,False,False,False,True,False,False,False,True
396,397,27,24,84.07,1,1,55,165717,397,False,False,True,False,False,False,True,False,False,True
397,398,15,17,104.22,0,1,46,122299,398,False,False,True,False,False,True,False,True,False,False
398,399,4,40,204.25,0,1,46,120499,399,False,False,True,False,False,True,False,True,False,False
399,400,7,23,84.53,1,1,43,126449,400,False,False,True,False,True,False,False,True,False,False
400,401,38,16,130.67,0,1,39,108315,401,False,True,False,False,False,True,False,False,False,True
401,402,3,19,92.47,0,1,28,112515,402,False,True,False,False,False,True,False,False,True,False
402,403,38,30,162.73,0,0,27,164559,403,True,False,False,False,False,True,False,False,True,False
403,404,8,47,373.21,0,0,27,59238,404,True,False,False,False,True,False,False,True,False,False
404,405,185,9,44.86,0,0,43,131133,405,False,True,False,False,False,True,False,True,False,False
405,406,48,16,91.14,0,1,22,109188,406,False,True,False,False,False,True,False,True,False,False
406,407,23,21,87.2,0,0,43,115393,407,False,True,False,False,False,True,False,False,True,False
407,408,29,43,215.9,0,1,27,94711,408,False,True,False,False,False,True,False,False,False,True
408,409,69,23,99.51,0,1,26,171860,409,False,True,False,False,False,False,True,True,False,False
409,410,6,74,229.33,0,1,28,139414,410,False,True,False,False,False,True,False,False,False,True
410,411,49,40,366.84000000000003,1,1,20,110931,411,False,True,False,False,False,True,False,False,True,False
411,412,28,12,40.21,0,0,35,187549,412,False,True,False,False,False,False,True,False,False,True
412,413,21,42,190.4,0,0,42,145508,413,False,True,False,False,False,False,True,True,False,False
413,414,14,65,1297.8500000000001,0,0,40,104240,414,False,True,False,False,True,False,False,True,False,False
414,415,14,26,122.59,1,1,35,108272,415,False,True,False,False,False,True,False,False,True,False
415,416,28,21,113.78,0,0,35,144004,416,False,True,False,False,False,True,False,False,False,True
416,417,8,28,137.67000000000002,0,0,33,81083,417,False,True,False,False,True,False,False,True,False,False
417,418,5,37,366.03,1,1,23,166763,418,False,True,False,False,False,True,False,False,True,False
418,419,74,31,163.08,1,1,31,175530,419,False,True,False,False,False,False,True,False,True,False
419,420,34,51,368.98,1,1,33,112422,420,False,True,False,False,False,True,False,False,True,False
420,421,104,24,175.4,1,1,20,154134,421,False,True,False,False,False,True,False,False,False,True
421,422,21,111,724.65,0,0,30,112401,422,True,False,False,False,False,True,False,False,True,False
422,423,29,33,134.66,0,0,47,85690,423,False,True,False,False,True,False,False,True,False,False
423,424,27,14,102.09,0,0,34,145896,424,False,True,False,False,False,False,True,False,False,True
424,425,26,22,137.65,1,1,25,122552,425,False,True,False,False,False,True,False,False,False,True
425,426,54,38,194.82,0,1,21,115494,426,False,True,False,False,False,True,False,False,False,True
426,427,8,30,138.75,0,0,29,109467,427,True,False,False,False,False,True,False,True,False,False
427,428,135,15,158.25,0,0,46,148226,428,False,True,False,False,False,True,False,False,False,True
428,429,45,20,104.96000000000001,0,0,20,88559,429,True,False,False,False,False,True,False,False,True,False
429,430,51,24,182.75,1,1,55,62393,430,False,False,True,False,True,False,False,True,False,False
430,431,76,60,244.13,0,0,74,122133,431,False,False,True,False,True,False,False,True,False,False
431,432,8,41,209.53,0,0,29,230883,432,True,False,False,False,False,False,True,False,False,True
432,433,105,34,107.27,0,0,36,136689,433,False,True,False,False,False,False,True,False,False,True
433,434,4,22,106.59,0,1,33,109145,434,False,True,False,False,False,True,False,True,False,False
434,435,47,16,69.66,0,0,25,100449,435,True,False,False,False,False,True,False,False,False,True
435,436,61,37,349.2,0,1,25,106253,436,False,True,False,False,False,True,False,True,False,False
436,437,76,17,111.85,0,1,23,84747,437,False,True,False,False,True,False,False,True,False,False
437,438,3,33,237.86,1,1,37,149465,438,False,True,False,False,False,True,False,False,True,False
438,439,153,17,138.39,0,0,65,84435,439,False,False,True,False,True,False,False,True,False,False
439,440,28,23,151.67,1,1,26,51681,440,False,True,False,False,True,False,False,True,False,False
440,441,8,93,455.1,0,0,39,139198,441,False,True,False,False,False,False,True,False,True,False
441,442,9,19,74.13,1,1,30,106577,442,False,True,False,False,False,True,False,False,True,False
442,443,12,69,621.2,0,0,29,117372,443,True,False,False,False,False,True,False,False,False,True
443,444,5,47,275.18,0,0,41,69609,444,False,True,False,False,True,False,False,True,False,False
444,445,20,18,66.64,1,1,30,178947,445,False,True,False,False,False,False,True,False,False,True
445,446,9,22,98.95,1,1,41,81743,446,False,False,True,False,True,False,False,True,False,False
446,447,4,19,122.04,1,1,34,111900,447,False,True,False,False,False,True,False,False,True,False
447,448,148,19,83.42,0,0,35,121650,448,False,True,False,False,False,True,False,True,False,False
448,449,17,39,423.32,1,1,55,172639,449,False,False,True,False,False,False,True,False,False,True
449,450,55,35,193.14,0,1,61,175740,450,False,False,True,False,False,True,False,False,True,False
450,451,3,36,163.84,0,0,30,220050,451,True,False,False,False,False,False,True,False,False,True
451,452,8,15,127.04,1,1,29,95200,452,False,True,False,False,False,True,False,False,True,False
452,453,76,19,121.77,0,0,34,113609,453,False,True,False,False,False,True,False,False,True,False
453,454,3,34,281.28000000000003,0,0,35,143552,454,False,True,False,False,False,False,True,False,False,True
454,455,153,17,147.33,0,0,31,130973,455,True,False,False,False,False,True,False,False,False,True
455,456,28,18,105.66,1,1,29,145946,456,False,True,False,False,False,False,True,False,False,True
456,457,8,94,461.53000000000003,0,0,36,126206,457,False,True,False,False,False,True,False,False,True,False
457,458,9,21,98.18,0,0,35,120426,458,False,True,False,False,False,True,False,True,False,False
458,459,12,73,620.0,1,1,27,91925,459,False,True,False,False,False,True,False,False,False,True
459,460,7,50,303.92,0,0,32,129630,460,True,False,False,False,False,True,False,False,False,True
460,461,20,18,72.45,0,0,37,124268,461,False,True,False,False,False,True,False,False,False,True
461,462,4,22,89.94,0,0,36,105240,462,False,True,False,False,False,True,False,False,True,False
462,463,26,16,95.86,1,1,34,162180,463,False,True,False,False,False,False,True,True,False,False
463,464,148,20,84.02,0,0,38,106552,464,False,True,False,False,False,True,False,False,False,True
464,465,17,38,429.89,0,0,34,105843,465,False,True,False,False,False,True,False,False,False,True
465,466,73,33,174.23999999999998,0,0,63,138327,466,False,False,True,False,False,True,False,False,True,False
466,467,3,33,157.24,1,1,29,76154,467,False,True,False,False,True,False,False,True,False,False
467,468,8,16,142.31,0,0,32,155012,468,True,False,False,False,False,True,False,False,True,False
468,469,76,20,109.95,1,1,26,114369,469,False,True,False,False,False,True,False,False,True,False
469,470,3,36,291.7,0,0,35,102839,470,False,True,False,False,True,False,False,True,False,False
470,471,52,25,203.9,0,1,22,132796,471,False,True,False,False,False,True,False,True,False,False
471,472,4,19,107.92999999999999,1,1,23,89742,472,False,True,False,False,False,True,False,False,False,True
472,473,4,93,462.68,0,0,28,58615,473,True,False,False,False,True,False,False,True,False,False
473,474,5,18,68.81,0,0,36,130603,474,False,True,False,False,False,False,True,False,False,True
474,475,12,71,636.35,0,1,33,110340,475,False,True,False,False,False,True,False,True,False,False
475,476,7,46,268.25,1,1,26,117729,476,False,True,False,False,False,True,False,False,False,True
476,477,20,21,73.21,0,0,24,130808,477,True,False,False,False,False,True,False,True,False,False
477,478,9,20,92.75,0,0,25,147402,478,True,False,False,False,False,True,False,False,False,True
478,479,26,18,91.62,0,0,39,93567,479,False,True,False,False,True,False,False,True,False,False
479,480,54,20,88.95,0,0,44,109289,480,False,True,False,False,False,True,False,False,True,False
480,481,17,39,422.32,1,1,23,98742,481,False,True,False,False,True,False,False,True,False,False
481,482,73,35,169.78,0,0,26,101270,482,True,False,False,False,False,True,False,True,False,False
482,483,3,37,171.14,1,1,57,187835,483,False,False,True,False,False,True,False,False,True,False
483,484,8,15,136.54,1,1,30,140741,484,False,True,False,False,False,True,False,True,False,False
484,485,76,20,126.49,0,0,44,133265,485,False,True,False,False,False,True,False,False,False,True
485,486,3,34,260.63,0,0,47,148100,486,False,True,False,False,False,False,True,False,False,True
486,487,83,22,182.09,0,0,52,131021,487,False,True,False,False,False,True,False,False,False,True
487,488,28,18,117.62,1,1,62,152620,488,False,False,True,False,False,True,False,False,False,True
488,489,8,89,431.59000000000003,0,0,35,85033,489,False,True,False,False,True,False,False,True,False,False
489,490,9,17,67.11,0,0,26,114514,490,True,False,False,False,False,True,False,False,True,False
490,491,12,70,621.13,0,0,26,99307,491,True,False,False,False,False,True,False,False,True,False
491,492,7,45,258.41,1,1,42,219451,492,False,False,True,False,False,False,True,False,False,True
492,493,20,20,73.39,1,1,27,114007,493,False,True,False,False,False,True,False,True,False,False
493,494,9,23,98.09,0,0,38,102846,494,False,True,False,False,False,True,False,True,False,False
494,495,26,19,110.21000000000001,0,0,39,81483,495,False,True,False,False,True,False,False,True,False,False
495,496,106,20,90.53,0,1,20,107779,496,False,True,False,False,False,True,False,False,False,True
496,497,17,43,460.31,0,0,29,222360,497,True,False,False,False,False,False,True,False,False,True
497,498,5,39,219.64999999999998,0,0,40,107125,498,False,True,False,False,False,True,False,True,False,False
498,499,3,31,157.85,0,1,32,80080,499,False,True,False,False,True,False,False,True,False,False
499,500,8,15,151.04,0,1,28,129600,500,False,True,False,False,False,True,False,True,False,False
